Queue ID,Name / Company,Referral Type,Location,Contact Person,Role,Email,Phone,LinkedIn,Who They May Know,Referral Potential,Status,Usability Status,Priority Score,Channel,Language,English Confidence,Phone Allowed,Text Outreach Ready,DM Verification,Email Verification,Email Source,From Address,Sender Readiness,Automation Stage,Automation Blocker,Send Batch,Send Approved,Subject EN,Subject HU,Follow-up Due,Sent At,Reply Status,Thread ID,Next Action,First Message EN,First Message HU,First Message,Follow Up 1,Commission Notes,Notes
CEEFM-R-048,AmCham Hungary,American chamber of commerce,BP,Not found,Member services,Not found,Not found,linkedin.com/company/amcham-hungary,American businesses HU,Medium-High,Send now,Find verified decision maker,11,LinkedIn,EN+HU,Medium,No,No,Missing,Missing,,office.ceefm@gmail.com via office@ceefm.eu forwarder setup,Not relevant - manual LinkedIn,Enrichment needed,missing verified decision maker; email missing,Hold,No,CEEFM referral partnership in Budapest,CEEFM partneri együttműködés Budapesten,,,,,Research membership cost,"Hi there, AmCham Hungary likely sits close to American businesses HU. CEEFM is a Budapest FM and cleaning partner for apartments, relocation, hospitality, and managed properties. Could be a useful referral partner. Open to a 15-minute intro?","Szia there, a CEEFM budapesti takarítási és létesítményüzemeltetési partner. Olyan ügyfeleknek lehet hasznos, akiknél a beköltözés, vendégváltás vagy ingatlanüzemeltetés megbízható helyi szolgáltatót igényel. Van értelme egy rövid partneri hívásnak?","Hi there, AmCham Hungary likely sits close to American businesses HU. CEEFM is a Budapest FM and cleaning partner for apartments, relocation, hospitality, and managed properties. Could be a useful referral partner. Open to a 15-minute intro?

---

Szia there, a CEEFM budapesti takarítási és létesítményüzemeltetési partner. Olyan ügyfeleknek lehet hasznos, akiknél a beköltözés, vendégváltás vagy ingatlanüzemeltetés megbízható helyi szolgáltatót igényel. Van értelme egy rövid partneri hívásnak?","Quick follow-up. If you ever need a reliable Budapest cleaning or FM partner for clients, CEEFM may be useful. Happy to send a short one-page partner note.",Network-based,Membership investment
CEEFM-R-049,British Chamber of Commerce HU,British chamber,BP,Not found,Member services,Not found,Not found,linkedin.com/company/british-chamber-of-commerce-in-hungary,British businesses HU,Medium-High,Send now,Find verified decision maker,11,LinkedIn,EN+HU,Medium,No,No,Missing,Missing,,office.ceefm@gmail.com via office@ceefm.eu forwarder setup,Not relevant - manual LinkedIn,Enrichment needed,missing verified decision maker; email missing,Hold,No,CEEFM referral partnership in Budapest,CEEFM partneri együttműködés Budapesten,,,,,Research membership,"Hi there, British Chamber of Commerce HU likely sits close to British businesses HU. CEEFM is a Budapest FM and cleaning partner for apartments, relocation, hospitality, and managed properties. Could be a useful referral partner. Open to a 15-minute intro?","Szia there, a CEEFM budapesti takarítási és létesítményüzemeltetési partner. Olyan ügyfeleknek lehet hasznos, akiknél a beköltözés, vendégváltás vagy ingatlanüzemeltetés megbízható helyi szolgáltatót igényel. Van értelme egy rövid partneri hívásnak?","Hi there, British Chamber of Commerce HU likely sits close to British businesses HU. CEEFM is a Budapest FM and cleaning partner for apartments, relocation, hospitality, and managed properties. Could be a useful referral partner. Open to a 15-minute intro?

---

Szia there, a CEEFM budapesti takarítási és létesítményüzemeltetési partner. Olyan ügyfeleknek lehet hasznos, akiknél a beköltözés, vendégváltás vagy ingatlanüzemeltetés megbízható helyi szolgáltatót igényel. Van értelme egy rövid partneri hívásnak?","Quick follow-up. If you ever need a reliable Budapest cleaning or FM partner for clients, CEEFM may be useful. Happy to send a short one-page partner note.",Network,
CEEFM-R-032,Building Budapest Kft (cross-ref),Renovation + heritage,BP,Not found,MD,info@buildingbudapest.com,Not found,Not found,Residential + commercial renovation clients,Medium-High,Send now,Find verified decision maker,11,Email,EN+HU,Low,No,No,Missing,Generic only,Source workbook,office.ceefm@gmail.com via office@ceefm.eu forwarder setup,Manual send only until sender DNS is fixed,Enrichment needed,missing verified decision maker; email generic only,Hold,No,CEEFM referral partnership in Budapest,CEEFM partneri együttműködés Budapesten,,,,,Email outreach,"Hi there, Building Budapest Kft (cross-ref) likely sits close to Residential + commercial renovation clients. CEEFM is a Budapest FM and cleaning partner for apartments, relocation, hospitality, and managed properties. Could be a useful referral partner. Open to a 15-minute intro?","Szia there, a CEEFM budapesti takarítási és létesítményüzemeltetési partner. Olyan ügyfeleknek lehet hasznos, akiknél a beköltözés, vendégváltás vagy ingatlanüzemeltetés megbízható helyi szolgáltatót igényel. Van értelme egy rövid partneri hívásnak?","Hi there, Building Budapest Kft (cross-ref) likely sits close to Residential + commercial renovation clients. CEEFM is a Budapest FM and cleaning partner for apartments, relocation, hospitality, and managed properties. Could be a useful referral partner. Open to a 15-minute intro?

---

Szia there, a CEEFM budapesti takarítási és létesítményüzemeltetési partner. Olyan ügyfeleknek lehet hasznos, akiknél a beköltözés, vendégváltás vagy ingatlanüzemeltetés megbízható helyi szolgáltatót igényel. Van értelme egy rövid partneri hívásnak?","Quick follow-up. If you ever need a reliable Budapest cleaning or FM partner for clients, CEEFM may be useful. Happy to send a short one-page partner note.",25%,Cross-ref from Tier 5
CEEFM-R-024,HBellorin Interior Design,Interior design + full renovation,BP,Not found,Principal,Not found,Not found,linkedin.com/company/hbellorin,Premium residential + commercial,Medium-High,Send now,Find verified decision maker,11,LinkedIn,EN+HU,Medium,No,No,Missing,Missing,,office.ceefm@gmail.com via office@ceefm.eu forwarder setup,Not relevant - manual LinkedIn,Enrichment needed,missing verified decision maker; email missing,Hold,No,CEEFM referral partnership in Budapest,CEEFM partneri együttműködés Budapesten,,,,,Email + LinkedIn,"Hi there, HBellorin Interior Design likely sits close to Premium residential + commercial. CEEFM is a Budapest FM and cleaning partner for apartments, relocation, hospitality, and managed properties. Could be a useful referral partner. Open to a 15-minute intro?","Szia there, a CEEFM budapesti takarítási és létesítményüzemeltetési partner. Olyan ügyfeleknek lehet hasznos, akiknél a beköltözés, vendégváltás vagy ingatlanüzemeltetés megbízható helyi szolgáltatót igényel. Van értelme egy rövid partneri hívásnak?","Hi there, HBellorin Interior Design likely sits close to Premium residential + commercial. CEEFM is a Budapest FM and cleaning partner for apartments, relocation, hospitality, and managed properties. Could be a useful referral partner. Open to a 15-minute intro?

---

Szia there, a CEEFM budapesti takarítási és létesítményüzemeltetési partner. Olyan ügyfeleknek lehet hasznos, akiknél a beköltözés, vendégváltás vagy ingatlanüzemeltetés megbízható helyi szolgáltatót igényel. Van értelme egy rövid partneri hívásnak?","Quick follow-up. If you ever need a reliable Budapest cleaning or FM partner for clients, CEEFM may be useful. Happy to send a short one-page partner note.",25%,Each project ends in cleaning
CEEFM-R-040,Ingatlanmentorok.hu (dual),Foreign-owner property specialist,BP,Jekkel Béla,Founder,bela@ingatlanmentorok.hu,Not found,Not found,Foreign property owners,Medium-High,Send now,Needs verification,11,Email,EN+HU,Medium,No,No,Named in source workbook,Unverified direct-looking,Source workbook,office.ceefm@gmail.com via office@ceefm.eu forwarder setup,Manual send only until sender DNS is fixed,Hold,email unverified direct-looking,Hold,No,CEEFM referral partnership in Budapest,CEEFM partneri együttműködés Budapesten,,,,,Email outreach,"Hi Jekkel Béla, Ingatlanmentorok.hu (dual) likely sits close to Foreign property owners. CEEFM is a Budapest FM and cleaning partner for apartments, relocation, hospitality, and managed properties. Could be a useful referral partner. Open to a 15-minute intro?","Szia Jekkel Béla, a CEEFM budapesti takarítási és létesítményüzemeltetési partner. Olyan ügyfeleknek lehet hasznos, akiknél a beköltözés, vendégváltás vagy ingatlanüzemeltetés megbízható helyi szolgáltatót igényel. Van értelme egy rövid partneri hívásnak?","Hi Jekkel Béla, Ingatlanmentorok.hu (dual) likely sits close to Foreign property owners. CEEFM is a Budapest FM and cleaning partner for apartments, relocation, hospitality, and managed properties. Could be a useful referral partner. Open to a 15-minute intro?

---

Szia Jekkel Béla, a CEEFM budapesti takarítási és létesítményüzemeltetési partner. Olyan ügyfeleknek lehet hasznos, akiknél a beköltözés, vendégváltás vagy ingatlanüzemeltetés megbízható helyi szolgáltatót igényel. Van értelme egy rövid partneri hívásnak?","Quick follow-up. If you ever need a reliable Budapest cleaning or FM partner for clients, CEEFM may be useful. Happy to send a short one-page partner note.",20%,Dual-role
CEEFM-R-003,Inter Relocation Ltd,Corporate relocation,BP,Not found,MD,Not found,Not found,linkedin.com/company/inter-relocation,Corporate relocation,Medium-High,Send now,Find verified decision maker,11,LinkedIn,EN+HU,Medium,No,No,Missing,Missing,,office.ceefm@gmail.com via office@ceefm.eu forwarder setup,Not relevant - manual LinkedIn,Enrichment needed,missing verified decision maker; email missing,Hold,No,CEEFM referral partnership in Budapest,CEEFM partneri együttműködés Budapesten,,,,,LinkedIn message,"Hi there, Inter Relocation Ltd likely sits close to Corporate relocation. CEEFM is a Budapest FM and cleaning partner for apartments, relocation, hospitality, and managed properties. Could be a useful referral partner. Open to a 15-minute intro?","Szia there, a CEEFM budapesti takarítási és létesítményüzemeltetési partner. Olyan ügyfeleknek lehet hasznos, akiknél a beköltözés, vendégváltás vagy ingatlanüzemeltetés megbízható helyi szolgáltatót igényel. Van értelme egy rövid partneri hívásnak?","Hi there, Inter Relocation Ltd likely sits close to Corporate relocation. CEEFM is a Budapest FM and cleaning partner for apartments, relocation, hospitality, and managed properties. Could be a useful referral partner. Open to a 15-minute intro?

---

Szia there, a CEEFM budapesti takarítási és létesítményüzemeltetési partner. Olyan ügyfeleknek lehet hasznos, akiknél a beköltözés, vendégváltás vagy ingatlanüzemeltetés megbízható helyi szolgáltatót igényel. Van értelme egy rövid partneri hívásnak?","Quick follow-up. If you ever need a reliable Budapest cleaning or FM partner for clients, CEEFM may be useful. Happy to send a short one-page partner note.",20%,
CEEFM-R-015,Managerent Kft (dual-role),PM for investors,XIII (Váci 22-24),Not found,MD,info@managerent.hu,+36 1 877 6200,Not found,Investor properties HU + Ireland,Medium-High,Send now,Find verified decision maker,11,Email,EN+HU,Low,No,No,Missing,Generic only,Source workbook,office.ceefm@gmail.com via office@ceefm.eu forwarder setup,Manual send only until sender DNS is fixed,Enrichment needed,missing verified decision maker; email generic only,Hold,No,CEEFM referral partnership in Budapest,CEEFM partneri együttműködés Budapesten,,,,,Email outreach,"Hi there, Managerent Kft (dual-role) likely sits close to Investor properties HU + Ireland. CEEFM is a Budapest FM and cleaning partner for apartments, relocation, hospitality, and managed properties. Could be a useful referral partner. Open to a 15-minute intro?","Szia there, a CEEFM budapesti takarítási és létesítményüzemeltetési partner. Olyan ügyfeleknek lehet hasznos, akiknél a beköltözés, vendégváltás vagy ingatlanüzemeltetés megbízható helyi szolgáltatót igényel. Van értelme egy rövid partneri hívásnak?","Hi there, Managerent Kft (dual-role) likely sits close to Investor properties HU + Ireland. CEEFM is a Budapest FM and cleaning partner for apartments, relocation, hospitality, and managed properties. Could be a useful referral partner. Open to a 15-minute intro?

---

Szia there, a CEEFM budapesti takarítási és létesítményüzemeltetési partner. Olyan ügyfeleknek lehet hasznos, akiknél a beköltözés, vendégváltás vagy ingatlanüzemeltetés megbízható helyi szolgáltatót igényel. Van értelme egy rövid partneri hívásnak?","Quick follow-up. If you ever need a reliable Budapest cleaning or FM partner for clients, CEEFM may be useful. Happy to send a short one-page partner note.",20%,Dual-role. Irish partner.
CEEFM-R-010,Metropolitan Homes (mhomes),Boutique luxury real estate,Multi,Not found,Director,Not found,Not found,linkedin.com/company/metropolitan-homes-budapest,Luxury foreign buyers,Medium-High,Send now,Find verified decision maker,11,LinkedIn,EN+HU,Medium,No,No,Missing,Missing,,office.ceefm@gmail.com via office@ceefm.eu forwarder setup,Not relevant - manual LinkedIn,Enrichment needed,missing verified decision maker; email missing,Hold,No,CEEFM referral partnership in Budapest,CEEFM partneri együttműködés Budapesten,,,,,Email + LinkedIn,"Hi there, Metropolitan Homes (mhomes) likely sits close to Luxury foreign buyers. CEEFM is a Budapest FM and cleaning partner for apartments, relocation, hospitality, and managed properties. Could be a useful referral partner. Open to a 15-minute intro?","Szia there, a CEEFM budapesti takarítási és létesítményüzemeltetési partner. Olyan ügyfeleknek lehet hasznos, akiknél a beköltözés, vendégváltás vagy ingatlanüzemeltetés megbízható helyi szolgáltatót igényel. Van értelme egy rövid partneri hívásnak?","Hi there, Metropolitan Homes (mhomes) likely sits close to Luxury foreign buyers. CEEFM is a Budapest FM and cleaning partner for apartments, relocation, hospitality, and managed properties. Could be a useful referral partner. Open to a 15-minute intro?

---

Szia there, a CEEFM budapesti takarítási és létesítményüzemeltetési partner. Olyan ügyfeleknek lehet hasznos, akiknél a beköltözés, vendégváltás vagy ingatlanüzemeltetés megbízható helyi szolgáltatót igényel. Van értelme egy rövid partneri hívásnak?","Quick follow-up. If you ever need a reliable Budapest cleaning or FM partner for clients, CEEFM may be useful. Happy to send a short one-page partner note.",20-25%,
CEEFM-R-004,Move One Ltd BP,International relocation,BP,Not found,MD,Not found,Not found,linkedin.com/company/move-one-inc,Intl movers expat households,Medium-High,Send now,Find verified decision maker,11,LinkedIn,EN+HU,Medium,No,No,Missing,Missing,,office.ceefm@gmail.com via office@ceefm.eu forwarder setup,Not relevant - manual LinkedIn,Enrichment needed,missing verified decision maker; email missing,Hold,No,CEEFM referral partnership in Budapest,CEEFM partneri együttműködés Budapesten,,,,,LinkedIn message,"Hi there, Move One Ltd BP likely sits close to Intl movers expat households. CEEFM is a Budapest FM and cleaning partner for apartments, relocation, hospitality, and managed properties. Could be a useful referral partner. Open to a 15-minute intro?","Szia there, a CEEFM budapesti takarítási és létesítményüzemeltetési partner. Olyan ügyfeleknek lehet hasznos, akiknél a beköltözés, vendégváltás vagy ingatlanüzemeltetés megbízható helyi szolgáltatót igényel. Van értelme egy rövid partneri hívásnak?","Hi there, Move One Ltd BP likely sits close to Intl movers expat households. CEEFM is a Budapest FM and cleaning partner for apartments, relocation, hospitality, and managed properties. Could be a useful referral partner. Open to a 15-minute intro?

---

Szia there, a CEEFM budapesti takarítási és létesítményüzemeltetési partner. Olyan ügyfeleknek lehet hasznos, akiknél a beköltözés, vendégváltás vagy ingatlanüzemeltetés megbízható helyi szolgáltatót igényel. Van értelme egy rövid partneri hívásnak?","Quick follow-up. If you ever need a reliable Budapest cleaning or FM partner for clients, CEEFM may be useful. Happy to send a short one-page partner note.",20%,Global mover
CEEFM-R-013,Tower International Kft (dual-role),PM + sales,BP,Dávid Kirschner,Property Manager,info@towerbudapest.com,Not found,Not found,Property investors expats,Medium-High,Send now,Text only - generic inbox,11,Email,EN+HU,Medium,No,Yes,Named in source workbook,Generic only,Source workbook,office.ceefm@gmail.com via office@ceefm.eu forwarder setup,Manual send only until sender DNS is fixed,Manual approval before email,email generic only,Hold,No,CEEFM referral partnership in Budapest,CEEFM partneri együttműködés Budapesten,,,,,Email Dávid,"Hi Dávid Kirschner, Tower International Kft (dual-role) likely sits close to Property investors expats. CEEFM is a Budapest FM and cleaning partner for apartments, relocation, hospitality, and managed properties. Could be a useful referral partner. Open to a 15-minute intro?","Szia Dávid Kirschner, a CEEFM budapesti takarítási és létesítményüzemeltetési partner. Olyan ügyfeleknek lehet hasznos, akiknél a beköltözés, vendégváltás vagy ingatlanüzemeltetés megbízható helyi szolgáltatót igényel. Van értelme egy rövid partneri hívásnak?","Hi Dávid Kirschner, Tower International Kft (dual-role) likely sits close to Property investors expats. CEEFM is a Budapest FM and cleaning partner for apartments, relocation, hospitality, and managed properties. Could be a useful referral partner. Open to a 15-minute intro?

---

Szia Dávid Kirschner, a CEEFM budapesti takarítási és létesítményüzemeltetési partner. Olyan ügyfeleknek lehet hasznos, akiknél a beköltözés, vendégváltás vagy ingatlanüzemeltetés megbízható helyi szolgáltatót igényel. Van értelme egy rövid partneri hívásnak?","Quick follow-up. If you ever need a reliable Budapest cleaning or FM partner for clients, CEEFM may be useful. Happy to send a short one-page partner note.",20%,Dual-role
CEEFM-R-027,Benyei Architecture,Architecture + interior + PM,BP,Not found,Principal,Not found,Not found,Not found,Residential + commercial + hospitality + cultural,Medium-High,Find contact,Find verified decision maker,9,Research,EN+HU,Medium,No,No,Missing,Missing,,office.ceefm@gmail.com via office@ceefm.eu forwarder setup,Not ready for automated email,Enrichment needed,missing verified decision maker; email missing,Hold,No,CEEFM referral partnership in Budapest,CEEFM partneri együttműködés Budapesten,,,,,Email outreach,"Hi there, Benyei Architecture likely sits close to Residential + commercial + hospitality + cultural. CEEFM is a Budapest FM and cleaning partner for apartments, relocation, hospitality, and managed properties. Could be a useful referral partner. Open to a 15-minute intro?","Szia there, a CEEFM budapesti takarítási és létesítményüzemeltetési partner. Olyan ügyfeleknek lehet hasznos, akiknél a beköltözés, vendégváltás vagy ingatlanüzemeltetés megbízható helyi szolgáltatót igényel. Van értelme egy rövid partneri hívásnak?","Hi there, Benyei Architecture likely sits close to Residential + commercial + hospitality + cultural. CEEFM is a Budapest FM and cleaning partner for apartments, relocation, hospitality, and managed properties. Could be a useful referral partner. Open to a 15-minute intro?

---

Szia there, a CEEFM budapesti takarítási és létesítményüzemeltetési partner. Olyan ügyfeleknek lehet hasznos, akiknél a beköltözés, vendégváltás vagy ingatlanüzemeltetés megbízható helyi szolgáltatót igényel. Van értelme egy rövid partneri hívásnak?","Quick follow-up. If you ever need a reliable Budapest cleaning or FM partner for clients, CEEFM may be useful. Happy to send a short one-page partner note.",25%,
CEEFM-R-028,C60 Architects,Architecture + interior + urban,BP,Not found,Principal,Not found,Not found,Not found,Residential + commercial + institutional + hospitality,Medium-High,Find contact,Find verified decision maker,9,Research,EN+HU,Medium,No,No,Missing,Missing,,office.ceefm@gmail.com via office@ceefm.eu forwarder setup,Not ready for automated email,Enrichment needed,missing verified decision maker; email missing,Hold,No,CEEFM referral partnership in Budapest,CEEFM partneri együttműködés Budapesten,,,,,Email outreach,"Hi there, C60 Architects likely sits close to Residential + commercial + institutional + hospitality. CEEFM is a Budapest FM and cleaning partner for apartments, relocation, hospitality, and managed properties. Could be a useful referral partner. Open to a 15-minute intro?","Szia there, a CEEFM budapesti takarítási és létesítményüzemeltetési partner. Olyan ügyfeleknek lehet hasznos, akiknél a beköltözés, vendégváltás vagy ingatlanüzemeltetés megbízható helyi szolgáltatót igényel. Van értelme egy rövid partneri hívásnak?","Hi there, C60 Architects likely sits close to Residential + commercial + institutional + hospitality. CEEFM is a Budapest FM and cleaning partner for apartments, relocation, hospitality, and managed properties. Could be a useful referral partner. Open to a 15-minute intro?

---

Szia there, a CEEFM budapesti takarítási és létesítményüzemeltetési partner. Olyan ügyfeleknek lehet hasznos, akiknél a beköltözés, vendégváltás vagy ingatlanüzemeltetés megbízható helyi szolgáltatót igényel. Van értelme egy rövid partneri hívásnak?","Quick follow-up. If you ever need a reliable Budapest cleaning or FM partner for clients, CEEFM may be useful. Happy to send a short one-page partner note.",25%,
CEEFM-R-036,Immigration Lawyers (Emmanuel network),Immigration legal,BP,Not found,Partner,Not found,Not found,Not found,Foreign individuals + families relocating,Medium-High,Find contact,Find verified decision maker,9,Research,EN+HU,Medium,No,No,Missing,Missing,,office.ceefm@gmail.com via office@ceefm.eu forwarder setup,Not ready for automated email,Enrichment needed,missing verified decision maker; email missing,Hold,No,CEEFM referral partnership in Budapest,CEEFM partneri együttműködés Budapesten,,,,,Direct ask,"Hi there, Immigration Lawyers (Emmanuel network) likely sits close to Foreign individuals + families relocating. CEEFM is a Budapest FM and cleaning partner for apartments, relocation, hospitality, and managed properties. Could be a useful referral partner. Open to a 15-minute intro?","Szia there, a CEEFM budapesti takarítási és létesítményüzemeltetési partner. Olyan ügyfeleknek lehet hasznos, akiknél a beköltözés, vendégváltás vagy ingatlanüzemeltetés megbízható helyi szolgáltatót igényel. Van értelme egy rövid partneri hívásnak?","Hi there, Immigration Lawyers (Emmanuel network) likely sits close to Foreign individuals + families relocating. CEEFM is a Budapest FM and cleaning partner for apartments, relocation, hospitality, and managed properties. Could be a useful referral partner. Open to a 15-minute intro?

---

Szia there, a CEEFM budapesti takarítási és létesítményüzemeltetési partner. Olyan ügyfeleknek lehet hasznos, akiknél a beköltözés, vendégváltás vagy ingatlanüzemeltetés megbízható helyi szolgáltatót igényel. Van értelme egy rövid partneri hívásnak?","Quick follow-up. If you ever need a reliable Budapest cleaning or FM partner for clients, CEEFM may be useful. Happy to send a short one-page partner note.",Relationship-based,Already known per Emmanuel memory
CEEFM-R-012,Matthew & Daniel's Kft (dual-role),Real estate + PM,VI,Balint,Senior Agent,Not found,Not found,Not found,Foreign property investors,Medium-High,Find contact,Needs verification,9,Research,EN+HU,Medium,No,No,Named in source workbook,Missing,,office.ceefm@gmail.com via office@ceefm.eu forwarder setup,Not ready for automated email,Hold,email missing,Hold,No,CEEFM referral partnership in Budapest,CEEFM partneri együttműködés Budapesten,,,,,LinkedIn message Balint,"Hi Balint, Matthew & Daniel's Kft (dual-role) likely sits close to Foreign property investors. CEEFM is a Budapest FM and cleaning partner for apartments, relocation, hospitality, and managed properties. Could be a useful referral partner. Open to a 15-minute intro?","Szia Balint, a CEEFM budapesti takarítási és létesítményüzemeltetési partner. Olyan ügyfeleknek lehet hasznos, akiknél a beköltözés, vendégváltás vagy ingatlanüzemeltetés megbízható helyi szolgáltatót igényel. Van értelme egy rövid partneri hívásnak?","Hi Balint, Matthew & Daniel's Kft (dual-role) likely sits close to Foreign property investors. CEEFM is a Budapest FM and cleaning partner for apartments, relocation, hospitality, and managed properties. Could be a useful referral partner. Open to a 15-minute intro?

---

Szia Balint, a CEEFM budapesti takarítási és létesítményüzemeltetési partner. Olyan ügyfeleknek lehet hasznos, akiknél a beköltözés, vendégváltás vagy ingatlanüzemeltetés megbízható helyi szolgáltatót igényel. Van értelme egy rövid partneri hívásnak?","Quick follow-up. If you ever need a reliable Budapest cleaning or FM partner for clients, CEEFM may be useful. Happy to send a short one-page partner note.",20%,Dual-role: Tier 2 + Referrer
CEEFM-R-011,Selling Budapest,Buyer's agent for foreigners,BP,Not found,Owner,Not found,Not found,Not found,Foreign buyers investor clients,Medium-High,Find contact,Find verified decision maker,9,Research,EN+HU,Medium,No,No,Missing,Missing,,office.ceefm@gmail.com via office@ceefm.eu forwarder setup,Not ready for automated email,Enrichment needed,missing verified decision maker; email missing,Hold,No,CEEFM referral partnership in Budapest,CEEFM partneri együttműködés Budapesten,,,,,Cold email,"Hi there, Selling Budapest likely sits close to Foreign buyers investor clients. CEEFM is a Budapest FM and cleaning partner for apartments, relocation, hospitality, and managed properties. Could be a useful referral partner. Open to a 15-minute intro?","Szia there, a CEEFM budapesti takarítási és létesítményüzemeltetési partner. Olyan ügyfeleknek lehet hasznos, akiknél a beköltözés, vendégváltás vagy ingatlanüzemeltetés megbízható helyi szolgáltatót igényel. Van értelme egy rövid partneri hívásnak?","Hi there, Selling Budapest likely sits close to Foreign buyers investor clients. CEEFM is a Budapest FM and cleaning partner for apartments, relocation, hospitality, and managed properties. Could be a useful referral partner. Open to a 15-minute intro?

---

Szia there, a CEEFM budapesti takarítási és létesítményüzemeltetési partner. Olyan ügyfeleknek lehet hasznos, akiknél a beköltözés, vendégváltás vagy ingatlanüzemeltetés megbízható helyi szolgáltatót igényel. Van értelme egy rövid partneri hívásnak?","Quick follow-up. If you ever need a reliable Budapest cleaning or FM partner for clients, CEEFM may be useful. Happy to send a short one-page partner note.",20%,
CEEFM-R-025,Tailor Hungary Kft,Interior design + architecture,BP,Not found,Principal,Not found,Not found,Not found,Residential + commercial,Medium-High,Find contact,Find verified decision maker,9,Research,EN+HU,Low,No,No,Missing,Missing,,office.ceefm@gmail.com via office@ceefm.eu forwarder setup,Not ready for automated email,Enrichment needed,missing verified decision maker; email missing,Hold,No,CEEFM referral partnership in Budapest,CEEFM partneri együttműködés Budapesten,,,,,Email outreach,"Hi there, Tailor Hungary Kft likely sits close to Residential + commercial. CEEFM is a Budapest FM and cleaning partner for apartments, relocation, hospitality, and managed properties. Could be a useful referral partner. Open to a 15-minute intro?","Szia there, a CEEFM budapesti takarítási és létesítményüzemeltetési partner. Olyan ügyfeleknek lehet hasznos, akiknél a beköltözés, vendégváltás vagy ingatlanüzemeltetés megbízható helyi szolgáltatót igényel. Van értelme egy rövid partneri hívásnak?","Hi there, Tailor Hungary Kft likely sits close to Residential + commercial. CEEFM is a Budapest FM and cleaning partner for apartments, relocation, hospitality, and managed properties. Could be a useful referral partner. Open to a 15-minute intro?

---

Szia there, a CEEFM budapesti takarítási és létesítményüzemeltetési partner. Olyan ügyfeleknek lehet hasznos, akiknél a beköltözés, vendégváltás vagy ingatlanüzemeltetés megbízható helyi szolgáltatót igényel. Van értelme egy rövid partneri hívásnak?","Quick follow-up. If you ever need a reliable Budapest cleaning or FM partner for clients, CEEFM may be useful. Happy to send a short one-page partner note.",25%,
CEEFM-R-039,Több Mint 1 Közös Képviselő (dual),HOA representation,BP,Not found,Founder,Not found,Not found,Not found,Multiple HOA boards,Medium-High,Find contact,Find verified decision maker,9,Research,EN+HU,Low,No,No,Missing,Missing,,office.ceefm@gmail.com via office@ceefm.eu forwarder setup,Not ready for automated email,Enrichment needed,missing verified decision maker; email missing,Hold,No,CEEFM referral partnership in Budapest,CEEFM partneri együttműködés Budapesten,,,,,Email outreach,"Hi there, Több Mint 1 Közös Képviselő (dual) likely sits close to Multiple HOA boards. CEEFM is a Budapest FM and cleaning partner for apartments, relocation, hospitality, and managed properties. Could be a useful referral partner. Open to a 15-minute intro?","Szia there, a CEEFM budapesti takarítási és létesítményüzemeltetési partner. Olyan ügyfeleknek lehet hasznos, akiknél a beköltözés, vendégváltás vagy ingatlanüzemeltetés megbízható helyi szolgáltatót igényel. Van értelme egy rövid partneri hívásnak?","Hi there, Több Mint 1 Közös Képviselő (dual) likely sits close to Multiple HOA boards. CEEFM is a Budapest FM and cleaning partner for apartments, relocation, hospitality, and managed properties. Could be a useful referral partner. Open to a 15-minute intro?

---

Szia there, a CEEFM budapesti takarítási és létesítményüzemeltetési partner. Olyan ügyfeleknek lehet hasznos, akiknél a beköltözés, vendégváltás vagy ingatlanüzemeltetés megbízható helyi szolgáltatót igényel. Van értelme egy rövid partneri hívásnak?","Quick follow-up. If you ever need a reliable Budapest cleaning or FM partner for clients, CEEFM may be useful. Happy to send a short one-page partner note.",20% per building contract,Dual-role: Tier 2 + Referrer
CEEFM-R-001,ARC (All-Round Connections) Kft,Relocation consultancy,III (Lajos 93-99),Not found,MD,arc@arc.co.hu,+36 1 453 0491,Not found,Multinational corporate execs needing housing,High,Send now,Find verified decision maker,9,Email,EN+HU,Medium,No,No,Missing,Unverified direct-looking,Source workbook,office.ceefm@gmail.com via office@ceefm.eu forwarder setup,Manual send only until sender DNS is fixed,Enrichment needed,missing verified decision maker; email unverified direct-looking,Hold,No,CEEFM referral partnership in Budapest,CEEFM partneri együttműködés Budapesten,,,,,Email outreach EN/HU,"Hi there, ARC (All-Round Connections) Kft likely sits close to Multinational corporate execs needing housing. CEEFM is a Budapest FM and cleaning partner for apartments, relocation, hospitality, and managed properties. Could be a useful referral partner. Open to a 15-minute intro?","Szia there, a CEEFM budapesti takarítási és létesítményüzemeltetési partner. Olyan ügyfeleknek lehet hasznos, akiknél a beköltözés, vendégváltás vagy ingatlanüzemeltetés megbízható helyi szolgáltatót igényel. Van értelme egy rövid partneri hívásnak?","Hi there, ARC (All-Round Connections) Kft likely sits close to Multinational corporate execs needing housing. CEEFM is a Budapest FM and cleaning partner for apartments, relocation, hospitality, and managed properties. Could be a useful referral partner. Open to a 15-minute intro?

---

Szia there, a CEEFM budapesti takarítási és létesítményüzemeltetési partner. Olyan ügyfeleknek lehet hasznos, akiknél a beköltözés, vendégváltás vagy ingatlanüzemeltetés megbízható helyi szolgáltatót igényel. Van értelme egy rövid partneri hívásnak?","Quick follow-up. If you ever need a reliable Budapest cleaning or FM partner for clients, CEEFM may be useful. Happy to send a short one-page partner note.",20% of CEEFM commission,Est. 1990. Multi-language.
CEEFM-R-019,BudBed (dual-role),Airbnb apartment mgmt,Multi,Not found,Founder,Not found,Not found,linkedin.com/company/budbed,Airbnb owners 60 apt portfolio,High,Send now,Find verified decision maker,9,LinkedIn,EN+HU,Medium,No,No,Missing,Missing,,office.ceefm@gmail.com via office@ceefm.eu forwarder setup,Not relevant - manual LinkedIn,Enrichment needed,missing verified decision maker; email missing,Hold,No,CEEFM referral partnership in Budapest,CEEFM partneri együttműködés Budapesten,,,,,Email outreach,"Hi there, BudBed (dual-role) likely sits close to Airbnb owners 60 apt portfolio. CEEFM is a Budapest FM and cleaning partner for apartments, relocation, hospitality, and managed properties. Could be a useful referral partner. Open to a 15-minute intro?","Szia there, a CEEFM budapesti takarítási és létesítményüzemeltetési partner. Olyan ügyfeleknek lehet hasznos, akiknél a beköltözés, vendégváltás vagy ingatlanüzemeltetés megbízható helyi szolgáltatót igényel. Van értelme egy rövid partneri hívásnak?","Hi there, BudBed (dual-role) likely sits close to Airbnb owners 60 apt portfolio. CEEFM is a Budapest FM and cleaning partner for apartments, relocation, hospitality, and managed properties. Could be a useful referral partner. Open to a 15-minute intro?

---

Szia there, a CEEFM budapesti takarítási és létesítményüzemeltetési partner. Olyan ügyfeleknek lehet hasznos, akiknél a beköltözés, vendégváltás vagy ingatlanüzemeltetés megbízható helyi szolgáltatót igényel. Van értelme egy rövid partneri hívásnak?","Quick follow-up. If you ever need a reliable Budapest cleaning or FM partner for clients, CEEFM may be useful. Happy to send a short one-page partner note.",15% (may run cleaning in-house),Dual-role: Tier 2 + Referrer
CEEFM-R-017,Cordia (developer dual-role),Premium developer,Multi,Not found,Sales Director,Not found,Not found,linkedin.com/company/cordia,Premium new-build buyers,High,Send now,Find verified decision maker,9,LinkedIn,EN+HU,Medium,No,No,Missing,Missing,,office.ceefm@gmail.com via office@ceefm.eu forwarder setup,Not relevant - manual LinkedIn,Enrichment needed,missing verified decision maker; email missing,Hold,No,CEEFM referral partnership in Budapest,CEEFM partneri együttműködés Budapesten,,,,,LinkedIn outreach sales,"Hi there, Cordia (developer dual-role) likely sits close to Premium new-build buyers. CEEFM is a Budapest FM and cleaning partner for apartments, relocation, hospitality, and managed properties. Could be a useful referral partner. Open to a 15-minute intro?","Szia there, a CEEFM budapesti takarítási és létesítményüzemeltetési partner. Olyan ügyfeleknek lehet hasznos, akiknél a beköltözés, vendégváltás vagy ingatlanüzemeltetés megbízható helyi szolgáltatót igényel. Van értelme egy rövid partneri hívásnak?","Hi there, Cordia (developer dual-role) likely sits close to Premium new-build buyers. CEEFM is a Budapest FM and cleaning partner for apartments, relocation, hospitality, and managed properties. Could be a useful referral partner. Open to a 15-minute intro?

---

Szia there, a CEEFM budapesti takarítási és létesítményüzemeltetési partner. Olyan ügyfeleknek lehet hasznos, akiknél a beköltözés, vendégváltás vagy ingatlanüzemeltetés megbízható helyi szolgáltatót igényel. Van értelme egy rövid partneri hívásnak?","Quick follow-up. If you ever need a reliable Budapest cleaning or FM partner for clients, CEEFM may be useful. Happy to send a short one-page partner note.",20%,Dual-role: Tier 2 + Referrer
CEEFM-R-050,German-Hungarian Chamber (DUIHK),German chamber,BP,Not found,Member services,Not found,Not found,linkedin.com/company/duihk,German businesses HU,High,Send now,Find verified decision maker,9,LinkedIn,EN+HU,Low,No,No,Missing,Missing,,office.ceefm@gmail.com via office@ceefm.eu forwarder setup,Not relevant - manual LinkedIn,Enrichment needed,missing verified decision maker; email missing,Hold,No,CEEFM referral partnership in Budapest,CEEFM partneri együttműködés Budapesten,,,,,Research membership,"Hi there, German-Hungarian Chamber (DUIHK) likely sits close to German businesses HU. CEEFM is a Budapest FM and cleaning partner for apartments, relocation, hospitality, and managed properties. Could be a useful referral partner. Open to a 15-minute intro?","Szia there, a CEEFM budapesti takarítási és létesítményüzemeltetési partner. Olyan ügyfeleknek lehet hasznos, akiknél a beköltözés, vendégváltás vagy ingatlanüzemeltetés megbízható helyi szolgáltatót igényel. Van értelme egy rövid partneri hívásnak?","Hi there, German-Hungarian Chamber (DUIHK) likely sits close to German businesses HU. CEEFM is a Budapest FM and cleaning partner for apartments, relocation, hospitality, and managed properties. Could be a useful referral partner. Open to a 15-minute intro?

---

Szia there, a CEEFM budapesti takarítási és létesítményüzemeltetési partner. Olyan ügyfeleknek lehet hasznos, akiknél a beköltözés, vendégváltás vagy ingatlanüzemeltetés megbízható helyi szolgáltatót igényel. Van értelme egy rövid partneri hívásnak?","Quick follow-up. If you ever need a reliable Budapest cleaning or FM partner for clients, CEEFM may be useful. Happy to send a short one-page partner note.",Network,Numa is German-owned
CEEFM-R-009,Helpers Hungary,Real estate + immigration,XI (Dombóvári 27),Not found,Director,office@helpers.hu,Not found,linkedin.com/company/helpers-hungary,Foreign investors expats buyers,High,Send now,Find verified decision maker,9,LinkedIn,EN+HU,Medium,No,No,Missing,Generic only,Source workbook,office.ceefm@gmail.com via office@ceefm.eu forwarder setup,Not relevant - manual LinkedIn,Enrichment needed,missing verified decision maker; email generic only,Hold,No,CEEFM referral partnership in Budapest,CEEFM partneri együttműködés Budapesten,,,,,Email + LinkedIn,"Hi there, Helpers Hungary likely sits close to Foreign investors expats buyers. CEEFM is a Budapest FM and cleaning partner for apartments, relocation, hospitality, and managed properties. Could be a useful referral partner. Open to a 15-minute intro?","Szia there, a CEEFM budapesti takarítási és létesítményüzemeltetési partner. Olyan ügyfeleknek lehet hasznos, akiknél a beköltözés, vendégváltás vagy ingatlanüzemeltetés megbízható helyi szolgáltatót igényel. Van értelme egy rövid partneri hívásnak?","Hi there, Helpers Hungary likely sits close to Foreign investors expats buyers. CEEFM is a Budapest FM and cleaning partner for apartments, relocation, hospitality, and managed properties. Could be a useful referral partner. Open to a 15-minute intro?

---

Szia there, a CEEFM budapesti takarítási és létesítményüzemeltetési partner. Olyan ügyfeleknek lehet hasznos, akiknél a beköltözés, vendégváltás vagy ingatlanüzemeltetés megbízható helyi szolgáltatót igényel. Van értelme egy rövid partneri hívásnak?","Quick follow-up. If you ever need a reliable Budapest cleaning or FM partner for clients, CEEFM may be useful. Happy to send a short one-page partner note.",20%,Est. 2005. Big client base.
CEEFM-R-002,At-Home Budapest Network Ltd,Relocation + premium rental,BP,Not found,MD,Not found,Not found,Not found,Diplomats + top execs,High,Find contact,Find verified decision maker,7,Research,EN+HU,Medium,No,No,Missing,Missing,,office.ceefm@gmail.com via office@ceefm.eu forwarder setup,Not ready for automated email,Enrichment needed,missing verified decision maker; email missing,Hold,No,CEEFM referral partnership in Budapest,CEEFM partneri együttműködés Budapesten,,,,,Cold email,"Hi there, At-Home Budapest Network Ltd likely sits close to Diplomats + top execs. CEEFM is a Budapest FM and cleaning partner for apartments, relocation, hospitality, and managed properties. Could be a useful referral partner. Open to a 15-minute intro?","Szia there, a CEEFM budapesti takarítási és létesítményüzemeltetési partner. Olyan ügyfeleknek lehet hasznos, akiknél a beköltözés, vendégváltás vagy ingatlanüzemeltetés megbízható helyi szolgáltatót igényel. Van értelme egy rövid partneri hívásnak?","Hi there, At-Home Budapest Network Ltd likely sits close to Diplomats + top execs. CEEFM is a Budapest FM and cleaning partner for apartments, relocation, hospitality, and managed properties. Could be a useful referral partner. Open to a 15-minute intro?

---

Szia there, a CEEFM budapesti takarítási és létesítményüzemeltetési partner. Olyan ügyfeleknek lehet hasznos, akiknél a beköltözés, vendégváltás vagy ingatlanüzemeltetés megbízható helyi szolgáltatót igényel. Van értelme egy rövid partneri hívásnak?","Quick follow-up. If you ever need a reliable Budapest cleaning or FM partner for clients, CEEFM may be useful. Happy to send a short one-page partner note.",20% commission,Diplomatic clientele
CEEFM-R-018,Property Market Kft (dual-role),Luxury developer,XIII (Marina Bay),Not found,Sales Director,Not found,Not found,Not found,Premium new-build buyers,High,Find contact,Find verified decision maker,7,Research,EN+HU,Medium,No,No,Missing,Missing,,office.ceefm@gmail.com via office@ceefm.eu forwarder setup,Not ready for automated email,Enrichment needed,missing verified decision maker; email missing,Hold,No,CEEFM referral partnership in Budapest,CEEFM partneri együttműködés Budapesten,,,,,LinkedIn outreach,"Hi there, Property Market Kft (dual-role) likely sits close to Premium new-build buyers. CEEFM is a Budapest FM and cleaning partner for apartments, relocation, hospitality, and managed properties. Could be a useful referral partner. Open to a 15-minute intro?","Szia there, a CEEFM budapesti takarítási és létesítményüzemeltetési partner. Olyan ügyfeleknek lehet hasznos, akiknél a beköltözés, vendégváltás vagy ingatlanüzemeltetés megbízható helyi szolgáltatót igényel. Van értelme egy rövid partneri hívásnak?","Hi there, Property Market Kft (dual-role) likely sits close to Premium new-build buyers. CEEFM is a Budapest FM and cleaning partner for apartments, relocation, hospitality, and managed properties. Could be a useful referral partner. Open to a 15-minute intro?

---

Szia there, a CEEFM budapesti takarítási és létesítményüzemeltetési partner. Olyan ügyfeleknek lehet hasznos, akiknél a beköltözés, vendégváltás vagy ingatlanüzemeltetés megbízható helyi szolgáltatót igényel. Van értelme egy rövid partneri hívásnak?","Quick follow-up. If you ever need a reliable Budapest cleaning or FM partner for clients, CEEFM may be useful. Happy to send a short one-page partner note.",20%,Dual-role
CEEFM-R-038,Accace Hungary,Outsourcing + advisory,BP,Not found,Partner,Not found,Not found,linkedin.com/company/accace,Multinational corporate clients,Low-Medium,Send now,Find verified decision maker,7,LinkedIn,EN+HU,Medium,No,No,Missing,Missing,,office.ceefm@gmail.com via office@ceefm.eu forwarder setup,Not relevant - manual LinkedIn,Enrichment needed,missing verified decision maker; email missing,Hold,No,CEEFM referral partnership in Budapest,CEEFM partneri együttműködés Budapesten,,,,,Cold email/LinkedIn,"Hi there, Accace Hungary likely sits close to Multinational corporate clients. CEEFM is a Budapest FM and cleaning partner for apartments, relocation, hospitality, and managed properties. Could be a useful referral partner. Open to a 15-minute intro?","Szia there, a CEEFM budapesti takarítási és létesítményüzemeltetési partner. Olyan ügyfeleknek lehet hasznos, akiknél a beköltözés, vendégváltás vagy ingatlanüzemeltetés megbízható helyi szolgáltatót igényel. Van értelme egy rövid partneri hívásnak?","Hi there, Accace Hungary likely sits close to Multinational corporate clients. CEEFM is a Budapest FM and cleaning partner for apartments, relocation, hospitality, and managed properties. Could be a useful referral partner. Open to a 15-minute intro?

---

Szia there, a CEEFM budapesti takarítási és létesítményüzemeltetési partner. Olyan ügyfeleknek lehet hasznos, akiknél a beköltözés, vendégváltás vagy ingatlanüzemeltetés megbízható helyi szolgáltatót igényel. Van értelme egy rövid partneri hívásnak?","Quick follow-up. If you ever need a reliable Budapest cleaning or FM partner for clients, CEEFM may be useful. Happy to send a short one-page partner note.",20%,
CEEFM-R-044,Casita.com,Student housing platform,Intl (BP listings),Not found,Country Manager HU,Not found,Not found,linkedin.com/company/casita-com,Student listings,Low-Medium,Send now,Find verified decision maker,7,LinkedIn,EN+HU,Medium,No,No,Missing,Missing,,office.ceefm@gmail.com via office@ceefm.eu forwarder setup,Not relevant - manual LinkedIn,Enrichment needed,missing verified decision maker; email missing,Hold,No,CEEFM referral partnership in Budapest,CEEFM partneri együttműködés Budapesten,,,,,LinkedIn outreach,"Hi there, Casita.com likely sits close to Student listings. CEEFM is a Budapest FM and cleaning partner for apartments, relocation, hospitality, and managed properties. Could be a useful referral partner. Open to a 15-minute intro?","Szia there, a CEEFM budapesti takarítási és létesítményüzemeltetési partner. Olyan ügyfeleknek lehet hasznos, akiknél a beköltözés, vendégváltás vagy ingatlanüzemeltetés megbízható helyi szolgáltatót igényel. Van értelme egy rövid partneri hívásnak?","Hi there, Casita.com likely sits close to Student listings. CEEFM is a Budapest FM and cleaning partner for apartments, relocation, hospitality, and managed properties. Could be a useful referral partner. Open to a 15-minute intro?

---

Szia there, a CEEFM budapesti takarítási és létesítményüzemeltetési partner. Olyan ügyfeleknek lehet hasznos, akiknél a beköltözés, vendégváltás vagy ingatlanüzemeltetés megbízható helyi szolgáltatót igényel. Van értelme egy rövid partneri hívásnak?","Quick follow-up. If you ever need a reliable Budapest cleaning or FM partner for clients, CEEFM may be useful. Happy to send a short one-page partner note.",10-15%,
CEEFM-R-035,Helpers Finance Kft,Accounting + immigration,XI (Dombóvári 27),Not found,MD,office@helpersfinance.hu,Not found,Not found,Foreign-owned SMEs,Medium,Send now,Find verified decision maker,7,Email,EN+HU,Medium,No,No,Missing,Generic only,Source workbook,office.ceefm@gmail.com via office@ceefm.eu forwarder setup,Manual send only until sender DNS is fixed,Enrichment needed,missing verified decision maker; email generic only,Hold,No,CEEFM referral partnership in Budapest,CEEFM partneri együttműködés Budapesten,,,,,Email outreach,"Hi there, Helpers Finance Kft likely sits close to Foreign-owned SMEs. CEEFM is a Budapest FM and cleaning partner for apartments, relocation, hospitality, and managed properties. Could be a useful referral partner. Open to a 15-minute intro?","Szia there, a CEEFM budapesti takarítási és létesítményüzemeltetési partner. Olyan ügyfeleknek lehet hasznos, akiknél a beköltözés, vendégváltás vagy ingatlanüzemeltetés megbízható helyi szolgáltatót igényel. Van értelme egy rövid partneri hívásnak?","Hi there, Helpers Finance Kft likely sits close to Foreign-owned SMEs. CEEFM is a Budapest FM and cleaning partner for apartments, relocation, hospitality, and managed properties. Could be a useful referral partner. Open to a 15-minute intro?

---

Szia there, a CEEFM budapesti takarítási és létesítményüzemeltetési partner. Olyan ügyfeleknek lehet hasznos, akiknél a beköltözés, vendégváltás vagy ingatlanüzemeltetés megbízható helyi szolgáltatót igényel. Van értelme egy rövid partneri hívásnak?","Quick follow-up. If you ever need a reliable Budapest cleaning or FM partner for clients, CEEFM may be useful. Happy to send a short one-page partner note.",20%,Part of HELPERS group
CEEFM-R-043,HousingAnywhere,Student housing platform,Intl (BP listings),Not found,Country Manager,Not found,Not found,linkedin.com/company/housing-anywhere,Student property listings,Low-Medium,Send now,Find verified decision maker,7,LinkedIn,EN+HU,Medium,No,No,Missing,Missing,,office.ceefm@gmail.com via office@ceefm.eu forwarder setup,Not relevant - manual LinkedIn,Enrichment needed,missing verified decision maker; email missing,Hold,No,CEEFM referral partnership in Budapest,CEEFM partneri együttműködés Budapesten,,,,,LinkedIn outreach,"Hi there, HousingAnywhere likely sits close to Student property listings. CEEFM is a Budapest FM and cleaning partner for apartments, relocation, hospitality, and managed properties. Could be a useful referral partner. Open to a 15-minute intro?","Szia there, a CEEFM budapesti takarítási és létesítményüzemeltetési partner. Olyan ügyfeleknek lehet hasznos, akiknél a beköltözés, vendégváltás vagy ingatlanüzemeltetés megbízható helyi szolgáltatót igényel. Van értelme egy rövid partneri hívásnak?","Hi there, HousingAnywhere likely sits close to Student property listings. CEEFM is a Budapest FM and cleaning partner for apartments, relocation, hospitality, and managed properties. Could be a useful referral partner. Open to a 15-minute intro?

---

Szia there, a CEEFM budapesti takarítási és létesítményüzemeltetési partner. Olyan ügyfeleknek lehet hasznos, akiknél a beköltözés, vendégváltás vagy ingatlanüzemeltetés megbízható helyi szolgáltatót igényel. Van értelme egy rövid partneri hívásnak?","Quick follow-up. If you ever need a reliable Budapest cleaning or FM partner for clients, CEEFM may be useful. Happy to send a short one-page partner note.",10-15%,
CEEFM-R-034,Loyal Consulting (LCBG),Foreign investor services,BP,Not found,MD,info@loyalconsulting.hu,Not found,Not found,Foreign investors with HU companies,Medium,Send now,Find verified decision maker,7,Email,EN+HU,Medium,No,No,Missing,Generic only,Source workbook,office.ceefm@gmail.com via office@ceefm.eu forwarder setup,Manual send only until sender DNS is fixed,Enrichment needed,missing verified decision maker; email generic only,Hold,No,CEEFM referral partnership in Budapest,CEEFM partneri együttműködés Budapesten,,,,,Email outreach,"Hi there, Loyal Consulting (LCBG) likely sits close to Foreign investors with HU companies. CEEFM is a Budapest FM and cleaning partner for apartments, relocation, hospitality, and managed properties. Could be a useful referral partner. Open to a 15-minute intro?","Szia there, a CEEFM budapesti takarítási és létesítményüzemeltetési partner. Olyan ügyfeleknek lehet hasznos, akiknél a beköltözés, vendégváltás vagy ingatlanüzemeltetés megbízható helyi szolgáltatót igényel. Van értelme egy rövid partneri hívásnak?","Hi there, Loyal Consulting (LCBG) likely sits close to Foreign investors with HU companies. CEEFM is a Budapest FM and cleaning partner for apartments, relocation, hospitality, and managed properties. Could be a useful referral partner. Open to a 15-minute intro?

---

Szia there, a CEEFM budapesti takarítási és létesítményüzemeltetési partner. Olyan ügyfeleknek lehet hasznos, akiknél a beköltözés, vendégváltás vagy ingatlanüzemeltetés megbízható helyi szolgáltatót igényel. Van értelme egy rövid partneri hívásnak?","Quick follow-up. If you ever need a reliable Budapest cleaning or FM partner for clients, CEEFM may be useful. Happy to send a short one-page partner note.",20%,Est. 2000. 120+ intl clients.
CEEFM-R-051,MSZÉSZ (HU Hotel & Restaurant Association),Industry association,BP,Not found,Member services,Not found,Not found,linkedin.com/company/mszesz,Hungarian hotels and restaurants,Medium,Send now,Find verified decision maker,7,LinkedIn,EN+HU,Medium,No,No,Missing,Missing,,office.ceefm@gmail.com via office@ceefm.eu forwarder setup,Not relevant - manual LinkedIn,Enrichment needed,missing verified decision maker; email missing,Hold,No,CEEFM referral partnership in Budapest,CEEFM partneri együttműködés Budapesten,,,,,Research membership,"Hi there, MSZÉSZ (HU Hotel & Restaurant Association) likely sits close to Hungarian hotels and restaurants. CEEFM is a Budapest FM and cleaning partner for apartments, relocation, hospitality, and managed properties. Could be a useful referral partner. Open to a 15-minute intro?","Szia there, a CEEFM budapesti takarítási és létesítményüzemeltetési partner. Olyan ügyfeleknek lehet hasznos, akiknél a beköltözés, vendégváltás vagy ingatlanüzemeltetés megbízható helyi szolgáltatót igényel. Van értelme egy rövid partneri hívásnak?","Hi there, MSZÉSZ (HU Hotel & Restaurant Association) likely sits close to Hungarian hotels and restaurants. CEEFM is a Budapest FM and cleaning partner for apartments, relocation, hospitality, and managed properties. Could be a useful referral partner. Open to a 15-minute intro?

---

Szia there, a CEEFM budapesti takarítási és létesítményüzemeltetési partner. Olyan ügyfeleknek lehet hasznos, akiknél a beköltözés, vendégváltás vagy ingatlanüzemeltetés megbízható helyi szolgáltatót igényel. Van értelme egy rövid partneri hívásnak?","Quick follow-up. If you ever need a reliable Budapest cleaning or FM partner for clients, CEEFM may be useful. Happy to send a short one-page partner note.",Reputation,
CEEFM-R-037,Niveus,Tax + legal + accounting,BP,Not found,Partner,office@niveus.hu,Not found,linkedin.com/company/niveus-kft,HU SMEs + intl corporates,Low-Medium,Send now,Find verified decision maker,7,LinkedIn,EN+HU,Medium,No,No,Missing,Generic only,Source workbook,office.ceefm@gmail.com via office@ceefm.eu forwarder setup,Not relevant - manual LinkedIn,Enrichment needed,missing verified decision maker; email generic only,Hold,No,CEEFM referral partnership in Budapest,CEEFM partneri együttműködés Budapesten,,,,,Cold email/LinkedIn,"Hi there, Niveus likely sits close to HU SMEs + intl corporates. CEEFM is a Budapest FM and cleaning partner for apartments, relocation, hospitality, and managed properties. Could be a useful referral partner. Open to a 15-minute intro?","Szia there, a CEEFM budapesti takarítási és létesítményüzemeltetési partner. Olyan ügyfeleknek lehet hasznos, akiknél a beköltözés, vendégváltás vagy ingatlanüzemeltetés megbízható helyi szolgáltatót igényel. Van értelme egy rövid partneri hívásnak?","Hi there, Niveus likely sits close to HU SMEs + intl corporates. CEEFM is a Budapest FM and cleaning partner for apartments, relocation, hospitality, and managed properties. Could be a useful referral partner. Open to a 15-minute intro?

---

Szia there, a CEEFM budapesti takarítási és létesítményüzemeltetési partner. Olyan ügyfeleknek lehet hasznos, akiknél a beköltözés, vendégváltás vagy ingatlanüzemeltetés megbízható helyi szolgáltatót igényel. Van értelme egy rövid partneri hívásnak?","Quick follow-up. If you ever need a reliable Budapest cleaning or FM partner for clients, CEEFM may be useful. Happy to send a short one-page partner note.",20%,Larger firm may have existing FM partners
CEEFM-R-016,RE/MAX Hillside,Real estate broker,Buda hillside,Not found,MD,Not found,Not found,linkedin.com/company/remax-hillside-budapest,Premium residential,Medium,Send now,Find verified decision maker,7,LinkedIn,EN+HU,Low,No,No,Missing,Missing,,office.ceefm@gmail.com via office@ceefm.eu forwarder setup,Not relevant - manual LinkedIn,Enrichment needed,missing verified decision maker; email missing,Hold,No,CEEFM referral partnership in Budapest,CEEFM partneri együttműködés Budapesten,,,,,Cold email,"Hi there, RE/MAX Hillside likely sits close to Premium residential. CEEFM is a Budapest FM and cleaning partner for apartments, relocation, hospitality, and managed properties. Could be a useful referral partner. Open to a 15-minute intro?","Szia there, a CEEFM budapesti takarítási és létesítményüzemeltetési partner. Olyan ügyfeleknek lehet hasznos, akiknél a beköltözés, vendégváltás vagy ingatlanüzemeltetés megbízható helyi szolgáltatót igényel. Van értelme egy rövid partneri hívásnak?","Hi there, RE/MAX Hillside likely sits close to Premium residential. CEEFM is a Budapest FM and cleaning partner for apartments, relocation, hospitality, and managed properties. Could be a useful referral partner. Open to a 15-minute intro?

---

Szia there, a CEEFM budapesti takarítási és létesítményüzemeltetési partner. Olyan ügyfeleknek lehet hasznos, akiknél a beköltözés, vendégváltás vagy ingatlanüzemeltetés megbízható helyi szolgáltatót igényel. Van értelme egy rövid partneri hívásnak?","Quick follow-up. If you ever need a reliable Budapest cleaning or FM partner for clients, CEEFM may be useful. Happy to send a short one-page partner note.",20%,
CEEFM-R-029,A4 Studio,Architecture + engineering,BP,Not found,Principal,Not found,Not found,Not found,Hospitality + commercial,Medium,Find contact,Find verified decision maker,5,Research,EN+HU,Medium,No,No,Missing,Missing,,office.ceefm@gmail.com via office@ceefm.eu forwarder setup,Not ready for automated email,Enrichment needed,missing verified decision maker; email missing,Hold,No,CEEFM referral partnership in Budapest,CEEFM partneri együttműködés Budapesten,,,,,Cold email,"Hi there, A4 Studio likely sits close to Hospitality + commercial. CEEFM is a Budapest FM and cleaning partner for apartments, relocation, hospitality, and managed properties. Could be a useful referral partner. Open to a 15-minute intro?","Szia there, a CEEFM budapesti takarítási és létesítményüzemeltetési partner. Olyan ügyfeleknek lehet hasznos, akiknél a beköltözés, vendégváltás vagy ingatlanüzemeltetés megbízható helyi szolgáltatót igényel. Van értelme egy rövid partneri hívásnak?","Hi there, A4 Studio likely sits close to Hospitality + commercial. CEEFM is a Budapest FM and cleaning partner for apartments, relocation, hospitality, and managed properties. Could be a useful referral partner. Open to a 15-minute intro?

---

Szia there, a CEEFM budapesti takarítási és létesítményüzemeltetési partner. Olyan ügyfeleknek lehet hasznos, akiknél a beköltözés, vendégváltás vagy ingatlanüzemeltetés megbízható helyi szolgáltatót igényel. Van értelme egy rövid partneri hívásnak?","Quick follow-up. If you ever need a reliable Budapest cleaning or FM partner for clients, CEEFM may be useful. Happy to send a short one-page partner note.",25%,
CEEFM-R-022,Airbnb co-host network (Budapest super-hosts),Co-host network,Multi,Not found,Various,Not found,Not found,Not found,Individual Airbnb owners (5-15 each),Medium,Find contact,Find verified decision maker,5,Research,EN+HU,Low,No,No,Missing,Missing,,office.ceefm@gmail.com via office@ceefm.eu forwarder setup,Not ready for automated email,Enrichment needed,missing verified decision maker; email missing,Hold,No,CEEFM referral partnership in Budapest,CEEFM partneri együttműködés Budapesten,,,,,Research via Airbnb 'Hosted by',"Hi there, Airbnb co-host network (Budapest super-hosts) likely sits close to Individual Airbnb owners (5-15 each). CEEFM is a Budapest FM and cleaning partner for apartments, relocation, hospitality, and managed properties. Could be a useful referral partner. Open to a 15-minute intro?","Szia there, a CEEFM budapesti takarítási és létesítményüzemeltetési partner. Olyan ügyfeleknek lehet hasznos, akiknél a beköltözés, vendégváltás vagy ingatlanüzemeltetés megbízható helyi szolgáltatót igényel. Van értelme egy rövid partneri hívásnak?","Hi there, Airbnb co-host network (Budapest super-hosts) likely sits close to Individual Airbnb owners (5-15 each). CEEFM is a Budapest FM and cleaning partner for apartments, relocation, hospitality, and managed properties. Could be a useful referral partner. Open to a 15-minute intro?

---

Szia there, a CEEFM budapesti takarítási és létesítményüzemeltetési partner. Olyan ügyfeleknek lehet hasznos, akiknél a beköltözés, vendégváltás vagy ingatlanüzemeltetés megbízható helyi szolgáltatót igényel. Van értelme egy rövid partneri hívásnak?","Quick follow-up. If you ever need a reliable Budapest cleaning or FM partner for clients, CEEFM may be useful. Happy to send a short one-page partner note.",20%,Find multi-property co-hosts on Airbnb
CEEFM-R-030,Archikon (FORM Architecture),Architecture + interior,BP,Not found,Principal,Not found,Not found,Not found,Commercial + residential,Medium,Find contact,Find verified decision maker,5,Research,EN+HU,Medium,No,No,Missing,Missing,,office.ceefm@gmail.com via office@ceefm.eu forwarder setup,Not ready for automated email,Enrichment needed,missing verified decision maker; email missing,Hold,No,CEEFM referral partnership in Budapest,CEEFM partneri együttműködés Budapesten,,,,,Cold email,"Hi there, Archikon (FORM Architecture) likely sits close to Commercial + residential. CEEFM is a Budapest FM and cleaning partner for apartments, relocation, hospitality, and managed properties. Could be a useful referral partner. Open to a 15-minute intro?","Szia there, a CEEFM budapesti takarítási és létesítményüzemeltetési partner. Olyan ügyfeleknek lehet hasznos, akiknél a beköltözés, vendégváltás vagy ingatlanüzemeltetés megbízható helyi szolgáltatót igényel. Van értelme egy rövid partneri hívásnak?","Hi there, Archikon (FORM Architecture) likely sits close to Commercial + residential. CEEFM is a Budapest FM and cleaning partner for apartments, relocation, hospitality, and managed properties. Could be a useful referral partner. Open to a 15-minute intro?

---

Szia there, a CEEFM budapesti takarítási és létesítményüzemeltetési partner. Olyan ügyfeleknek lehet hasznos, akiknél a beköltözés, vendégváltás vagy ingatlanüzemeltetés megbízható helyi szolgáltatót igényel. Van értelme egy rövid partneri hívásnak?","Quick follow-up. If you ever need a reliable Budapest cleaning or FM partner for clients, CEEFM may be useful. Happy to send a short one-page partner note.",25%,
CEEFM-R-031,AtelierR Design Studio,Architecture + interior,BP,Not found,Principal,Not found,Not found,Not found,Mixed-use commercial + residential,Medium,Find contact,Find verified decision maker,5,Research,EN+HU,Medium,No,No,Missing,Missing,,office.ceefm@gmail.com via office@ceefm.eu forwarder setup,Not ready for automated email,Enrichment needed,missing verified decision maker; email missing,Hold,No,CEEFM referral partnership in Budapest,CEEFM partneri együttműködés Budapesten,,,,,Cold email,"Hi there, AtelierR Design Studio likely sits close to Mixed-use commercial + residential. CEEFM is a Budapest FM and cleaning partner for apartments, relocation, hospitality, and managed properties. Could be a useful referral partner. Open to a 15-minute intro?","Szia there, a CEEFM budapesti takarítási és létesítményüzemeltetési partner. Olyan ügyfeleknek lehet hasznos, akiknél a beköltözés, vendégváltás vagy ingatlanüzemeltetés megbízható helyi szolgáltatót igényel. Van értelme egy rövid partneri hívásnak?","Hi there, AtelierR Design Studio likely sits close to Mixed-use commercial + residential. CEEFM is a Budapest FM and cleaning partner for apartments, relocation, hospitality, and managed properties. Could be a useful referral partner. Open to a 15-minute intro?

---

Szia there, a CEEFM budapesti takarítási és létesítményüzemeltetési partner. Olyan ügyfeleknek lehet hasznos, akiknél a beköltözés, vendégváltás vagy ingatlanüzemeltetés megbízható helyi szolgáltatót igényel. Van értelme egy rövid partneri hívásnak?","Quick follow-up. If you ever need a reliable Budapest cleaning or FM partner for clients, CEEFM may be useful. Happy to send a short one-page partner note.",25%,
CEEFM-R-021,BUDAPESTING Loft Apartments,Apt operator + co-host,Multi,Not found,Owner,Not found,Not found,Not found,Premium short-term rental clients,Medium,Find contact,Find verified decision maker,5,Research,EN+HU,Low,No,No,Missing,Missing,,office.ceefm@gmail.com via office@ceefm.eu forwarder setup,Not ready for automated email,Enrichment needed,missing verified decision maker; email missing,Hold,No,CEEFM referral partnership in Budapest,CEEFM partneri együttműködés Budapesten,,,,,Find direct contact,"Hi there, BUDAPESTING Loft Apartments likely sits close to Premium short-term rental clients. CEEFM is a Budapest FM and cleaning partner for apartments, relocation, hospitality, and managed properties. Could be a useful referral partner. Open to a 15-minute intro?","Szia there, a CEEFM budapesti takarítási és létesítményüzemeltetési partner. Olyan ügyfeleknek lehet hasznos, akiknél a beköltözés, vendégváltás vagy ingatlanüzemeltetés megbízható helyi szolgáltatót igényel. Van értelme egy rövid partneri hívásnak?","Hi there, BUDAPESTING Loft Apartments likely sits close to Premium short-term rental clients. CEEFM is a Budapest FM and cleaning partner for apartments, relocation, hospitality, and managed properties. Could be a useful referral partner. Open to a 15-minute intro?

---

Szia there, a CEEFM budapesti takarítási és létesítményüzemeltetési partner. Olyan ügyfeleknek lehet hasznos, akiknél a beköltözés, vendégváltás vagy ingatlanüzemeltetés megbízható helyi szolgáltatót igényel. Van értelme egy rövid partneri hívásnak?","Quick follow-up. If you ever need a reliable Budapest cleaning or FM partner for clients, CEEFM may be useful. Happy to send a short one-page partner note.",20%,
CEEFM-R-041,Balatoni Zoltán (közös képviselő),HOA representative,BP,Balatoni Zoltán,Közös képviselő,Not found,Not found,Not found,Multiple HOAs personally represented,Medium,Find contact,Needs verification,5,Research,EN+HU,Low,No,No,Named in source workbook,Missing,,office.ceefm@gmail.com via office@ceefm.eu forwarder setup,Not ready for automated email,Hold,email missing,Hold,No,CEEFM referral partnership in Budapest,CEEFM partneri együttműködés Budapesten,,,,,Hungarian outreach,"Hi Balatoni Zoltán, Balatoni Zoltán (közös képviselő) likely sits close to Multiple HOAs personally represented. CEEFM is a Budapest FM and cleaning partner for apartments, relocation, hospitality, and managed properties. Could be a useful referral partner. Open to a 15-minute intro?","Szia Balatoni Zoltán, a CEEFM budapesti takarítási és létesítményüzemeltetési partner. Olyan ügyfeleknek lehet hasznos, akiknél a beköltözés, vendégváltás vagy ingatlanüzemeltetés megbízható helyi szolgáltatót igényel. Van értelme egy rövid partneri hívásnak?","Hi Balatoni Zoltán, Balatoni Zoltán (közös képviselő) likely sits close to Multiple HOAs personally represented. CEEFM is a Budapest FM and cleaning partner for apartments, relocation, hospitality, and managed properties. Could be a useful referral partner. Open to a 15-minute intro?

---

Szia Balatoni Zoltán, a CEEFM budapesti takarítási és létesítményüzemeltetési partner. Olyan ügyfeleknek lehet hasznos, akiknél a beköltözés, vendégváltás vagy ingatlanüzemeltetés megbízható helyi szolgáltatót igényel. Van értelme egy rövid partneri hívásnak?","Quick follow-up. If you ever need a reliable Budapest cleaning or FM partner for clients, CEEFM may be useful. Happy to send a short one-page partner note.",20%,Listed as multi-HOA rep
CEEFM-R-026,Bord Studio,Architecture + interior,BP,Not found,Principal,Not found,Not found,Not found,Residential + commercial + hospitality,Medium,Find contact,Find verified decision maker,5,Research,EN+HU,Medium,No,No,Missing,Missing,,office.ceefm@gmail.com via office@ceefm.eu forwarder setup,Not ready for automated email,Enrichment needed,missing verified decision maker; email missing,Hold,No,CEEFM referral partnership in Budapest,CEEFM partneri együttműködés Budapesten,,,,,Email outreach,"Hi there, Bord Studio likely sits close to Residential + commercial + hospitality. CEEFM is a Budapest FM and cleaning partner for apartments, relocation, hospitality, and managed properties. Could be a useful referral partner. Open to a 15-minute intro?","Szia there, a CEEFM budapesti takarítási és létesítményüzemeltetési partner. Olyan ügyfeleknek lehet hasznos, akiknél a beköltözés, vendégváltás vagy ingatlanüzemeltetés megbízható helyi szolgáltatót igényel. Van értelme egy rövid partneri hívásnak?","Hi there, Bord Studio likely sits close to Residential + commercial + hospitality. CEEFM is a Budapest FM and cleaning partner for apartments, relocation, hospitality, and managed properties. Could be a useful referral partner. Open to a 15-minute intro?

---

Szia there, a CEEFM budapesti takarítási és létesítményüzemeltetési partner. Olyan ügyfeleknek lehet hasznos, akiknél a beköltözés, vendégváltás vagy ingatlanüzemeltetés megbízható helyi szolgáltatót igényel. Van értelme egy rövid partneri hívásnak?","Quick follow-up. If you ever need a reliable Budapest cleaning or FM partner for clients, CEEFM may be useful. Happy to send a short one-page partner note.",25%,Top 35 BP arch firms
CEEFM-R-008,Euromove Ltd,International moving + relocation,BP,Not found,MD,Not found,Not found,Not found,Intl movers and expats,Medium,Find contact,Find verified decision maker,5,Research,EN+HU,Medium,No,No,Missing,Missing,,office.ceefm@gmail.com via office@ceefm.eu forwarder setup,Not ready for automated email,Enrichment needed,missing verified decision maker; email missing,Hold,No,CEEFM referral partnership in Budapest,CEEFM partneri együttműködés Budapesten,,,,,Email outreach,"Hi there, Euromove Ltd likely sits close to Intl movers and expats. CEEFM is a Budapest FM and cleaning partner for apartments, relocation, hospitality, and managed properties. Could be a useful referral partner. Open to a 15-minute intro?","Szia there, a CEEFM budapesti takarítási és létesítményüzemeltetési partner. Olyan ügyfeleknek lehet hasznos, akiknél a beköltözés, vendégváltás vagy ingatlanüzemeltetés megbízható helyi szolgáltatót igényel. Van értelme egy rövid partneri hívásnak?","Hi there, Euromove Ltd likely sits close to Intl movers and expats. CEEFM is a Budapest FM and cleaning partner for apartments, relocation, hospitality, and managed properties. Could be a useful referral partner. Open to a 15-minute intro?

---

Szia there, a CEEFM budapesti takarítási és létesítményüzemeltetési partner. Olyan ügyfeleknek lehet hasznos, akiknél a beköltözés, vendégváltás vagy ingatlanüzemeltetés megbízható helyi szolgáltatót igényel. Van értelme egy rövid partneri hívásnak?","Quick follow-up. If you ever need a reliable Budapest cleaning or FM partner for clients, CEEFM may be useful. Happy to send a short one-page partner note.",20%,
CEEFM-R-042,Fejes Melinda - Marketingatlan,Real estate marketing + home staging,BP,Fejes Melinda,Founder,Not found,Not found,Not found,Property sellers needing pre-listing prep,Medium,Find contact,Needs verification,5,Research,EN+HU,Low,No,No,Named in source workbook,Missing,,office.ceefm@gmail.com via office@ceefm.eu forwarder setup,Not ready for automated email,Hold,email missing,Hold,No,CEEFM referral partnership in Budapest,CEEFM partneri együttműködés Budapesten,,,,,Email Fejes Melinda,"Hi Fejes Melinda, Fejes Melinda - Marketingatlan likely sits close to Property sellers needing pre-listing prep. CEEFM is a Budapest FM and cleaning partner for apartments, relocation, hospitality, and managed properties. Could be a useful referral partner. Open to a 15-minute intro?","Szia Fejes Melinda, a CEEFM budapesti takarítási és létesítményüzemeltetési partner. Olyan ügyfeleknek lehet hasznos, akiknél a beköltözés, vendégváltás vagy ingatlanüzemeltetés megbízható helyi szolgáltatót igényel. Van értelme egy rövid partneri hívásnak?","Hi Fejes Melinda, Fejes Melinda - Marketingatlan likely sits close to Property sellers needing pre-listing prep. CEEFM is a Budapest FM and cleaning partner for apartments, relocation, hospitality, and managed properties. Could be a useful referral partner. Open to a 15-minute intro?

---

Szia Fejes Melinda, a CEEFM budapesti takarítási és létesítményüzemeltetési partner. Olyan ügyfeleknek lehet hasznos, akiknél a beköltözés, vendégváltás vagy ingatlanüzemeltetés megbízható helyi szolgáltatót igényel. Van értelme egy rövid partneri hívásnak?","Quick follow-up. If you ever need a reliable Budapest cleaning or FM partner for clients, CEEFM may be useful. Happy to send a short one-page partner note.",20%,Home staging pairs with deep cleaning
CEEFM-R-005,Hunexpat Ltd,Expat + relocation,IX (Üllői 11-13),Not found,MD,Not found,Not found,Not found,Expat households foreign companies,Medium,Find contact,Find verified decision maker,5,Research,EN+HU,Medium,No,No,Missing,Missing,,office.ceefm@gmail.com via office@ceefm.eu forwarder setup,Not ready for automated email,Enrichment needed,missing verified decision maker; email missing,Hold,No,CEEFM referral partnership in Budapest,CEEFM partneri együttműködés Budapesten,,,,,Email outreach,"Hi there, Hunexpat Ltd likely sits close to Expat households foreign companies. CEEFM is a Budapest FM and cleaning partner for apartments, relocation, hospitality, and managed properties. Could be a useful referral partner. Open to a 15-minute intro?","Szia there, a CEEFM budapesti takarítási és létesítményüzemeltetési partner. Olyan ügyfeleknek lehet hasznos, akiknél a beköltözés, vendégváltás vagy ingatlanüzemeltetés megbízható helyi szolgáltatót igényel. Van értelme egy rövid partneri hívásnak?","Hi there, Hunexpat Ltd likely sits close to Expat households foreign companies. CEEFM is a Budapest FM and cleaning partner for apartments, relocation, hospitality, and managed properties. Could be a useful referral partner. Open to a 15-minute intro?

---

Szia there, a CEEFM budapesti takarítási és létesítményüzemeltetési partner. Olyan ügyfeleknek lehet hasznos, akiknél a beköltözés, vendégváltás vagy ingatlanüzemeltetés megbízható helyi szolgáltatót igényel. Van értelme egy rövid partneri hívásnak?","Quick follow-up. If you ever need a reliable Budapest cleaning or FM partner for clients, CEEFM may be useful. Happy to send a short one-page partner note.",20%,
CEEFM-R-007,HungaryAssistance,Expat assistance,XI,Not found,MD,Not found,Not found,Not found,Expats living in Hungary,Medium,Find contact,Find verified decision maker,5,Research,EN+HU,Medium,No,No,Missing,Missing,,office.ceefm@gmail.com via office@ceefm.eu forwarder setup,Not ready for automated email,Enrichment needed,missing verified decision maker; email missing,Hold,No,CEEFM referral partnership in Budapest,CEEFM partneri együttműködés Budapesten,,,,,Cold email,"Hi there, HungaryAssistance likely sits close to Expats living in Hungary. CEEFM is a Budapest FM and cleaning partner for apartments, relocation, hospitality, and managed properties. Could be a useful referral partner. Open to a 15-minute intro?","Szia there, a CEEFM budapesti takarítási és létesítményüzemeltetési partner. Olyan ügyfeleknek lehet hasznos, akiknél a beköltözés, vendégváltás vagy ingatlanüzemeltetés megbízható helyi szolgáltatót igényel. Van értelme egy rövid partneri hívásnak?","Hi there, HungaryAssistance likely sits close to Expats living in Hungary. CEEFM is a Budapest FM and cleaning partner for apartments, relocation, hospitality, and managed properties. Could be a useful referral partner. Open to a 15-minute intro?

---

Szia there, a CEEFM budapesti takarítási és létesítményüzemeltetési partner. Olyan ügyfeleknek lehet hasznos, akiknél a beköltözés, vendégváltás vagy ingatlanüzemeltetés megbízható helyi szolgáltatót igényel. Van értelme egy rövid partneri hívásnak?","Quick follow-up. If you ever need a reliable Budapest cleaning or FM partner for clients, CEEFM may be useful. Happy to send a short one-page partner note.",20%,
CEEFM-R-020,Position Collective,Airbnb interior + co-host,BP,Not found,MD,Not found,Not found,Not found,Airbnb owners refurbishing,Medium,Find contact,Find verified decision maker,5,Research,EN+HU,Medium,No,No,Missing,Missing,,office.ceefm@gmail.com via office@ceefm.eu forwarder setup,Not ready for automated email,Enrichment needed,missing verified decision maker; email missing,Hold,No,CEEFM referral partnership in Budapest,CEEFM partneri együttműködés Budapesten,,,,,Cold email,"Hi there, Position Collective likely sits close to Airbnb owners refurbishing. CEEFM is a Budapest FM and cleaning partner for apartments, relocation, hospitality, and managed properties. Could be a useful referral partner. Open to a 15-minute intro?","Szia there, a CEEFM budapesti takarítási és létesítményüzemeltetési partner. Olyan ügyfeleknek lehet hasznos, akiknél a beköltözés, vendégváltás vagy ingatlanüzemeltetés megbízható helyi szolgáltatót igényel. Van értelme egy rövid partneri hívásnak?","Hi there, Position Collective likely sits close to Airbnb owners refurbishing. CEEFM is a Budapest FM and cleaning partner for apartments, relocation, hospitality, and managed properties. Could be a useful referral partner. Open to a 15-minute intro?

---

Szia there, a CEEFM budapesti takarítási és létesítményüzemeltetési partner. Olyan ügyfeleknek lehet hasznos, akiknél a beköltözés, vendégváltás vagy ingatlanüzemeltetés megbízható helyi szolgáltatót igényel. Van értelme egy rövid partneri hívásnak?","Quick follow-up. If you ever need a reliable Budapest cleaning or FM partner for clients, CEEFM may be useful. Happy to send a short one-page partner note.",20%,
CEEFM-R-014,QED Property Kft (dual-role),PM,Central BP,Not found,Director,Not found,Not found,Not found,Foreign investors expats students,Medium,Find contact,Find verified decision maker,5,Research,EN+HU,Medium,No,No,Missing,Missing,,office.ceefm@gmail.com via office@ceefm.eu forwarder setup,Not ready for automated email,Enrichment needed,missing verified decision maker; email missing,Hold,No,CEEFM referral partnership in Budapest,CEEFM partneri együttműködés Budapesten,,,,,Email outreach,"Hi there, QED Property Kft (dual-role) likely sits close to Foreign investors expats students. CEEFM is a Budapest FM and cleaning partner for apartments, relocation, hospitality, and managed properties. Could be a useful referral partner. Open to a 15-minute intro?","Szia there, a CEEFM budapesti takarítási és létesítményüzemeltetési partner. Olyan ügyfeleknek lehet hasznos, akiknél a beköltözés, vendégváltás vagy ingatlanüzemeltetés megbízható helyi szolgáltatót igényel. Van értelme egy rövid partneri hívásnak?","Hi there, QED Property Kft (dual-role) likely sits close to Foreign investors expats students. CEEFM is a Budapest FM and cleaning partner for apartments, relocation, hospitality, and managed properties. Could be a useful referral partner. Open to a 15-minute intro?

---

Szia there, a CEEFM budapesti takarítási és létesítményüzemeltetési partner. Olyan ügyfeleknek lehet hasznos, akiknél a beköltözés, vendégváltás vagy ingatlanüzemeltetés megbízható helyi szolgáltatót igényel. Van értelme egy rövid partneri hívásnak?","Quick follow-up. If you ever need a reliable Budapest cleaning or FM partner for clients, CEEFM may be useful. Happy to send a short one-page partner note.",20%,Dual-role
CEEFM-R-033,Renovation Budapest (cross-ref),Renovation specialist,BP,Not found,MD,Not found,Not found,Not found,French-speaking renovation clients,Medium,Find contact,Find verified decision maker,5,Research,EN+HU,Low,No,No,Missing,Missing,,office.ceefm@gmail.com via office@ceefm.eu forwarder setup,Not ready for automated email,Enrichment needed,missing verified decision maker; email missing,Hold,No,CEEFM referral partnership in Budapest,CEEFM partneri együttműködés Budapesten,,,,,Email FR/EN,"Hi there, Renovation Budapest (cross-ref) likely sits close to French-speaking renovation clients. CEEFM is a Budapest FM and cleaning partner for apartments, relocation, hospitality, and managed properties. Could be a useful referral partner. Open to a 15-minute intro?","Szia there, a CEEFM budapesti takarítási és létesítményüzemeltetési partner. Olyan ügyfeleknek lehet hasznos, akiknél a beköltözés, vendégváltás vagy ingatlanüzemeltetés megbízható helyi szolgáltatót igényel. Van értelme egy rövid partneri hívásnak?","Hi there, Renovation Budapest (cross-ref) likely sits close to French-speaking renovation clients. CEEFM is a Budapest FM and cleaning partner for apartments, relocation, hospitality, and managed properties. Could be a useful referral partner. Open to a 15-minute intro?

---

Szia there, a CEEFM budapesti takarítási és létesítményüzemeltetési partner. Olyan ügyfeleknek lehet hasznos, akiknél a beköltözés, vendégváltás vagy ingatlanüzemeltetés megbízható helyi szolgáltatót igényel. Van értelme egy rövid partneri hívásnak?","Quick follow-up. If you ever need a reliable Budapest cleaning or FM partner for clients, CEEFM may be useful. Happy to send a short one-page partner note.",25%,Cross-ref from Tier 5
CEEFM-R-006,Settlers Relocation Ltd,Relocation services,BP,Not found,MD,Not found,Not found,Not found,Relocating individuals + families,Medium,Find contact,Find verified decision maker,5,Research,EN+HU,Medium,No,No,Missing,Missing,,office.ceefm@gmail.com via office@ceefm.eu forwarder setup,Not ready for automated email,Enrichment needed,missing verified decision maker; email missing,Hold,No,CEEFM referral partnership in Budapest,CEEFM partneri együttműködés Budapesten,,,,,Cold email,"Hi there, Settlers Relocation Ltd likely sits close to Relocating individuals + families. CEEFM is a Budapest FM and cleaning partner for apartments, relocation, hospitality, and managed properties. Could be a useful referral partner. Open to a 15-minute intro?","Szia there, a CEEFM budapesti takarítási és létesítményüzemeltetési partner. Olyan ügyfeleknek lehet hasznos, akiknél a beköltözés, vendégváltás vagy ingatlanüzemeltetés megbízható helyi szolgáltatót igényel. Van értelme egy rövid partneri hívásnak?","Hi there, Settlers Relocation Ltd likely sits close to Relocating individuals + families. CEEFM is a Budapest FM and cleaning partner for apartments, relocation, hospitality, and managed properties. Could be a useful referral partner. Open to a 15-minute intro?

---

Szia there, a CEEFM budapesti takarítási és létesítményüzemeltetési partner. Olyan ügyfeleknek lehet hasznos, akiknél a beköltözés, vendégváltás vagy ingatlanüzemeltetés megbízható helyi szolgáltatót igényel. Van értelme egy rövid partneri hívásnak?","Quick follow-up. If you ever need a reliable Budapest cleaning or FM partner for clients, CEEFM may be useful. Happy to send a short one-page partner note.",20%,
CEEFM-R-047,U.S. Embassy Hungary (vendor list),Embassy directory,BP,Not found,Citizen Services,Not found,Not found,Not found,American expats needing services,Medium,Find contact,Find verified decision maker,5,Research,EN+HU,Medium,No,No,Missing,Missing,,office.ceefm@gmail.com via office@ceefm.eu forwarder setup,Not ready for automated email,Enrichment needed,missing verified decision maker; email missing,Hold,No,CEEFM referral partnership in Budapest,CEEFM partneri együttműködés Budapesten,,,,,Apply for listing,"Hi there, U.S. Embassy Hungary (vendor list) likely sits close to American expats needing services. CEEFM is a Budapest FM and cleaning partner for apartments, relocation, hospitality, and managed properties. Could be a useful referral partner. Open to a 15-minute intro?","Szia there, a CEEFM budapesti takarítási és létesítményüzemeltetési partner. Olyan ügyfeleknek lehet hasznos, akiknél a beköltözés, vendégváltás vagy ingatlanüzemeltetés megbízható helyi szolgáltatót igényel. Van értelme egy rövid partneri hívásnak?","Hi there, U.S. Embassy Hungary (vendor list) likely sits close to American expats needing services. CEEFM is a Budapest FM and cleaning partner for apartments, relocation, hospitality, and managed properties. Could be a useful referral partner. Open to a 15-minute intro?

---

Szia there, a CEEFM budapesti takarítási és létesítményüzemeltetési partner. Olyan ügyfeleknek lehet hasznos, akiknél a beköltözés, vendégváltás vagy ingatlanüzemeltetés megbízható helyi szolgáltatót igényel. Van értelme egy rövid partneri hívásnak?","Quick follow-up. If you ever need a reliable Budapest cleaning or FM partner for clients, CEEFM may be useful. Happy to send a short one-page partner note.",Reputational,Application not transactional
CEEFM-R-023,Hyginix Cleaning,ANTI-ICP competitor,Inner districts,Not found,MD,info@hyginix.hu,Not found,Not found,Airbnb hosts,DO NOT CONTACT,Send now,Find verified decision maker,5,Email,EN+HU,Medium,No,No,Missing,Generic only,Source workbook,office.ceefm@gmail.com via office@ceefm.eu forwarder setup,Manual send only until sender DNS is fixed,Enrichment needed,missing verified decision maker; email generic only,Hold,No,CEEFM referral partnership in Budapest,CEEFM partneri együttműködés Budapesten,,,,,SKIP,"Hi there, Hyginix Cleaning likely sits close to Airbnb hosts. CEEFM is a Budapest FM and cleaning partner for apartments, relocation, hospitality, and managed properties. Could be a useful referral partner. Open to a 15-minute intro?","Szia there, a CEEFM budapesti takarítási és létesítményüzemeltetési partner. Olyan ügyfeleknek lehet hasznos, akiknél a beköltözés, vendégváltás vagy ingatlanüzemeltetés megbízható helyi szolgáltatót igényel. Van értelme egy rövid partneri hívásnak?","Hi there, Hyginix Cleaning likely sits close to Airbnb hosts. CEEFM is a Budapest FM and cleaning partner for apartments, relocation, hospitality, and managed properties. Could be a useful referral partner. Open to a 15-minute intro?

---

Szia there, a CEEFM budapesti takarítási és létesítményüzemeltetési partner. Olyan ügyfeleknek lehet hasznos, akiknél a beköltözés, vendégváltás vagy ingatlanüzemeltetés megbízható helyi szolgáltatót igényel. Van értelme egy rövid partneri hívásnak?","Quick follow-up. If you ever need a reliable Budapest cleaning or FM partner for clients, CEEFM may be useful. Happy to send a short one-page partner note.",,Listed only to flag avoidance
CEEFM-R-045,Erasmus Play Hungary,Erasmus housing platform,BP listings,Not found,Hungary lead,Not found,Not found,Not found,Erasmus student housing listings,Low,Find contact,Find verified decision maker,3,Research,EN+HU,Medium,No,No,Missing,Missing,,office.ceefm@gmail.com via office@ceefm.eu forwarder setup,Not ready for automated email,Enrichment needed,missing verified decision maker; email missing,Hold,No,CEEFM referral partnership in Budapest,CEEFM partneri együttműködés Budapesten,,,,,Email outreach,"Hi there, Erasmus Play Hungary likely sits close to Erasmus student housing listings. CEEFM is a Budapest FM and cleaning partner for apartments, relocation, hospitality, and managed properties. Could be a useful referral partner. Open to a 15-minute intro?","Szia there, a CEEFM budapesti takarítási és létesítményüzemeltetési partner. Olyan ügyfeleknek lehet hasznos, akiknél a beköltözés, vendégváltás vagy ingatlanüzemeltetés megbízható helyi szolgáltatót igényel. Van értelme egy rövid partneri hívásnak?","Hi there, Erasmus Play Hungary likely sits close to Erasmus student housing listings. CEEFM is a Budapest FM and cleaning partner for apartments, relocation, hospitality, and managed properties. Could be a useful referral partner. Open to a 15-minute intro?

---

Szia there, a CEEFM budapesti takarítási és létesítményüzemeltetési partner. Olyan ügyfeleknek lehet hasznos, akiknél a beköltözés, vendégváltás vagy ingatlanüzemeltetés megbízható helyi szolgáltatót igényel. Van értelme egy rövid partneri hívásnak?","Quick follow-up. If you ever need a reliable Budapest cleaning or FM partner for clients, CEEFM may be useful. Happy to send a short one-page partner note.",10-15%,
CEEFM-R-046,Pepe Housing Budapest,Student housing platform,BP listings,Not found,Country lead,Not found,Not found,Not found,Student property listings,Low,Find contact,Find verified decision maker,3,Research,EN+HU,Medium,No,No,Missing,Missing,,office.ceefm@gmail.com via office@ceefm.eu forwarder setup,Not ready for automated email,Enrichment needed,missing verified decision maker; email missing,Hold,No,CEEFM referral partnership in Budapest,CEEFM partneri együttműködés Budapesten,,,,,Email outreach,"Hi there, Pepe Housing Budapest likely sits close to Student property listings. CEEFM is a Budapest FM and cleaning partner for apartments, relocation, hospitality, and managed properties. Could be a useful referral partner. Open to a 15-minute intro?","Szia there, a CEEFM budapesti takarítási és létesítményüzemeltetési partner. Olyan ügyfeleknek lehet hasznos, akiknél a beköltözés, vendégváltás vagy ingatlanüzemeltetés megbízható helyi szolgáltatót igényel. Van értelme egy rövid partneri hívásnak?","Hi there, Pepe Housing Budapest likely sits close to Student property listings. CEEFM is a Budapest FM and cleaning partner for apartments, relocation, hospitality, and managed properties. Could be a useful referral partner. Open to a 15-minute intro?

---

Szia there, a CEEFM budapesti takarítási és létesítményüzemeltetési partner. Olyan ügyfeleknek lehet hasznos, akiknél a beköltözés, vendégváltás vagy ingatlanüzemeltetés megbízható helyi szolgáltatót igényel. Van értelme egy rövid partneri hívásnak?","Quick follow-up. If you ever need a reliable Budapest cleaning or FM partner for clients, CEEFM may be useful. Happy to send a short one-page partner note.",10-15%,
